Position,PartnerOne,PartnerTwo
Fellatio,0.0000001,0.001666666667
Cunnilingus,0.001666666667,0
Missionary,0.004166666667,0.003333333333
Doggy Style,0.005555555556,0.002083333333
PartnerOne on Top,0.001666666667,0.0008333333333
Spooning,0.005555555556,0.002083333333
